name,theme_index,agent_utterance
1902F2001_011,1, 甘いものと、からいものどちらがお好きですか？
1902F2002_008,1, 甘いものと、からいものどちらがお好きですか？
1902F3001_008,1, 甘いものと、からいものどちらがお好きですか？
1902F3002_008,1, 甘いものと、からいものどちらがお好きですか？
1902F4001_010,1, 甘いものと、からいものどちらがお好きですか？
1902F4002_010,1, 甘いものと、からいものどちらがお好きですか？
1902F4003_009,1, 甘いものと、からいものどちらがお好きですか？
1902F4004_008,1, 甘いものと、からいものどちらがお好きですか？
1902F4005_010,1, 甘いものと、からいものどちらがお好きですか？
1902F4006_010,1, 甘いものと、からいものどちらがお好きですか？
1902F4007_010,1, 甘いものと、からいものどちらがお好きですか？
1902F4008_010,1, 甘いものと、からいものどちらがお好きですか？
1902F4009_010,1, 甘いものと、からいものどちらがお好きですか？
1902F4010_009,1, 甘いものと、からいものどちらがお好きですか？
1902F4011_008,1, 甘いものと、からいものどちらがお好きですか？
1902F6001_010,1, 甘いものと、からいものどちらがお好きですか？
1902F6002_008,1, 甘いものと、からいものどちらがお好きですか？
1902F7001_009,1, 甘いものと、からいものどちらがお好きですか？
1902F7002_008,1, 甘いものと、からいものどちらがお好きですか？
1902F7003_009,1, 甘いものと、からいものどちらがお好きですか？
1902M2001_009,1, 甘いものと、からいものどちらがお好きですか？
1902M3001_010,1, 甘いものと、からいものどちらがお好きですか？
1902M4001_011,1, 甘いものと、からいものどちらがお好きですか？
1902M4002_010,1, 甘いものと、からいものどちらがお好きですか？
1902M4003_009,1, 甘いものと、からいものどちらがお好きですか？
1902M5001_009,1, 甘いものと、からいものどちらがお好きですか？
1902M5002_009,1, 甘いものと、からいものどちらがお好きですか？
1902M5003_008,1, 甘いものと、からいものどちらがお好きですか？
1902M7001_010,1, 甘いものと、からいものどちらがお好きですか？
1902M7002_008,1, 甘いものと、からいものどちらがお好きですか？
1902F2001_012,2, 甘いものでしたらチョコレートやケーキといった、どのジャンルのものを好んで食べますか？
1902F2002_009,2, 甘いものでしたらチョコレートやケーキといった、どのジャンルのものを好んで食べますか？
1902F3001_009,2, 甘いものでしたらチョコレートやケーキといった、どのジャンルのものを好んで食べますか？
1902F3002_009,2, 甘いものでしたらチョコレートやケーキといった、どのジャンルのものを好んで食べますか？
1902F4001_016,7, 甘いものでしたらチョコレートやケーキといった、どのジャンルのものを好んで食べますか？
1902F4002_011,2, 甘いものでしたらチョコレートやケーキといった、どのジャンルのものを好んで食べますか？
1902F4004_009,2, 甘いものでしたらチョコレートやケーキといった、どのジャンルのものを好んで食べますか？
1902F4005_011,2, 甘いものでしたらチョコレートやケーキといった、どのジャンルのものを好んで食べますか？
1902F4007_011,2, 甘いものでしたらチョコレートやケーキといった、どのジャンルのものを好んで食べますか？
1902F4008_011,2, 甘いものでしたらチョコレートやケーキといった、どのジャンルのものを好んで食べますか？
1902F4009_011,2, 甘いものでしたらチョコレートやケーキといった、どのジャンルのものを好んで食べますか？
1902F4010_010,2, 甘いものでしたらチョコレートやケーキといった、どのジャンルのものを好んで食べますか？
1902F4011_009,2, 甘いものでしたらチョコレートやケーキといった、どのジャンルのものを好んで食べますか？
1902F6001_011,2, 甘いものでしたらチョコレートやケーキといった、どのジャンルのものを好んで食べますか？
1902F7001_010,2, 甘いものでしたらチョコレートやケーキといった、どのジャンルのものを好んで食べますか？
1902F7002_009,2, 甘いものでしたらチョコレートやケーキといった、どのジャンルのものを好んで食べますか？
1902F7003_010,2, 甘いものでしたらチョコレートやケーキといった、どのジャンルのものを好んで食べますか？
1902M2001_010,2, 甘いものでしたらチョコレートやケーキといった、どのジャンルのものを好んで食べますか？
1902M3001_011,2, 甘いものでしたらチョコレートやケーキといった、どのジャンルのものを好んで食べますか？
1902M4001_012,2, 甘いものでしたらチョコレートやケーキといった、どのジャンルのものを好んで食べますか？
1902M4003_010,2, 甘いものでしたらチョコレートやケーキといった、どのジャンルのものを好んで食べますか？
1902M5001_010,2, 甘いものでしたらチョコレートやケーキといった、どのジャンルのものを好んで食べますか？
1902M7001_011,2, 甘いものでしたらチョコレートやケーキといった、どのジャンルのものを好んで食べますか？
1902M7002_009,2, 甘いものでしたらチョコレートやケーキといった、どのジャンルのものを好んで食べますか？
1902F2001_014,4, なるほど、普段はどこでスイーツを買いますか？
1902F2002_011,4, なるほど、普段はどこでスイーツを買いますか？
1902F3001_010,3, なるほど、普段はどこでスイーツを買いますか？
1902F3002_010,3, なるほど、普段はどこでスイーツを買いますか？
1902F4001_017,8, なるほど、普段はどこでスイーツを買いますか？
1902F4002_012,3, なるほど、普段はどこでスイーツを買いますか？
1902F4004_010,3, なるほど、普段はどこでスイーツを買いますか？
1902F4005_012,3, なるほど、普段はどこでスイーツを買いますか？
1902F4007_013,4, なるほど、普段はどこでスイーツを買いますか？
1902F4008_012,3, なるほど、普段はどこでスイーツを買いますか？
1902F4009_012,3, なるほど、普段はどこでスイーツを買いますか？
1902F4010_011,3, なるほど、普段はどこでスイーツを買いますか？
1902F4011_011,4, なるほど、普段はどこでスイーツを買いますか？
1902F7001_013,5, なるほど、普段はどこでスイーツを買いますか？
1902F7002_010,3, なるほど、普段はどこでスイーツを買いますか？
1902F7003_011,3, なるほど、普段はどこでスイーツを買いますか？
1902M2001_012,4, なるほど、普段はどこでスイーツを買いますか？
1902M3001_013,4, なるほど、普段はどこでスイーツを買いますか？
1902M4001_013,3, なるほど、普段はどこでスイーツを買いますか？
1902M4003_011,3, なるほど、普段はどこでスイーツを買いますか？
1902M5001_011,3, なるほど、普段はどこでスイーツを買いますか？
1902M7001_013,4, なるほど、普段はどこでスイーツを買いますか？
1902M7002_010,3, なるほど、普段はどこでスイーツを買いますか？
1902F2001_015,5, ちょっと特別なスイーツを買うときは近くのお店とか「デパートの地下」とか、利用しますか？
1902F3002_011,4, ちょっと特別なスイーツを買うときは近くのお店とか「デパートの地下」とか、利用しますか？
1902F4001_018,9, ちょっと特別なスイーツを買うときは近くのお店とか「デパートの地下」とか、利用しますか？
1902F4004_013,6, ちょっと特別なスイーツを買うときは近くのお店とか「デパートの地下」とか、利用しますか？
1902F4005_016,7, ちょっと特別なスイーツを買うときは近くのお店とか「デパートの地下」とか、利用しますか？
1902F4007_014,5, ちょっと特別なスイーツを買うときは近くのお店とか「デパートの地下」とか、利用しますか？
1902F4009_016,7, ちょっと特別なスイーツを買うときは近くのお店とか「デパートの地下」とか、利用しますか？
1902F4010_013,5, ちょっと特別なスイーツを買うときは近くのお店とか「デパートの地下」とか、利用しますか？
1902F4011_012,5, ちょっと特別なスイーツを買うときは近くのお店とか「デパートの地下」とか、利用しますか？
1902F6001_012,3, ちょっと特別なスイーツを買うときは近くのお店とか「デパートの地下」とか、利用しますか？
1902F7001_012,4, ちょっと特別なスイーツを買うときは近くのお店とか「デパートの地下」とか、利用しますか？
1902F7002_011,4, ちょっと特別なスイーツを買うときは近くのお店とか「デパートの地下」とか、利用しますか？
1902M3001_014,5, ちょっと特別なスイーツを買うときは近くのお店とか「デパートの地下」とか、利用しますか？
1902M4001_015,5, ちょっと特別なスイーツを買うときは近くのお店とか「デパートの地下」とか、利用しますか？
1902M4003_013,5, ちょっと特別なスイーツを買うときは近くのお店とか「デパートの地下」とか、利用しますか？
1902M5001_012,4, ちょっと特別なスイーツを買うときは近くのお店とか「デパートの地下」とか、利用しますか？
1902M7001_015,6, ちょっと特別なスイーツを買うときは近くのお店とか「デパートの地下」とか、利用しますか？
1902F2001_021,1, 休日は家で過ごすほうが多いですか？外出することが多いですか？
1902F2002_023,1, 休日は家で過ごすほうが多いですか？外出することが多いですか？
1902F3001_017,1, 休日は家で過ごすほうが多いですか？外出することが多いですか？
1902F3002_023,1, 休日は家で過ごすほうが多いですか？外出することが多いですか？
1902F4001_023,1, 休日は家で過ごすほうが多いですか？外出することが多いですか？
1902F4002_018,1, 休日は家で過ごすほうが多いですか？外出することが多いですか？
1902F4003_019,1, 休日は家で過ごすほうが多いですか？外出することが多いですか？
1902F4004_021,1, 休日は家で過ごすほうが多いですか？外出することが多いですか？
1902F4005_023,1, 休日は家で過ごすほうが多いですか？外出することが多いですか？
1902F4006_023,1, 休日は家で過ごすほうが多いですか？外出することが多いですか？
1902F4007_019,1, 休日は家で過ごすほうが多いですか？外出することが多いですか？
1902F4008_023,1, 休日は家で過ごすほうが多いですか？外出することが多いですか？
1902F4009_023,1, 休日は家で過ごすほうが多いですか？外出することが多いですか？
1902F4010_023,1, 休日は家で過ごすほうが多いですか？外出することが多いですか？
1902F4011_023,1, 休日は家で過ごすほうが多いですか？外出することが多いですか？
1902F6001_025,1, 休日は家で過ごすほうが多いですか？外出することが多いですか？
1902F7001_020,1, 休日は家で過ごすほうが多いですか？外出することが多いですか？
1902F7002_022,1, 休日は家で過ごすほうが多いですか？外出することが多いですか？
1902F7003_023,1, 休日は家で過ごすほうが多いですか？外出することが多いですか？
1902M2001_027,1, 休日は家で過ごすほうが多いですか？外出することが多いですか？
1902M3001_017,1, 休日は家で過ごすほうが多いですか？外出することが多いですか？
1902M4001_020,1, 休日は家で過ごすほうが多いですか？外出することが多いですか？
1902M4002_019,1, 休日は家で過ごすほうが多いですか？外出することが多いですか？
1902M4003_023,1, 休日は家で過ごすほうが多いですか？外出することが多いですか？
1902M5001_016,1, 休日は家で過ごすほうが多いですか？外出することが多いですか？
1902M5002_024,1, 休日は家で過ごすほうが多いですか？外出することが多いですか？
1902M5003_022,1, 休日は家で過ごすほうが多いですか？外出することが多いですか？
1902M7001_028,1, 休日は家で過ごすほうが多いですか？外出することが多いですか？
1902M7002_023,1, 休日は家で過ごすほうが多いですか？外出することが多いですか？
1902F2001_023,3, 最近スポーツはしましたか？
1902F4006_061,1, 最近スポーツはしましたか？
1902F7003_025,3, 最近スポーツはしましたか？
1902M4002_045,1, 最近スポーツはしましたか？
1902M4003_078,1, 最近スポーツはしましたか？
1902M7001_061,1, 最近スポーツはしましたか？
1902M7002_043,1, 最近スポーツはしましたか？
1902F2001_024,4, 好きなスポーツはなんですか？
1902F4001_036,1, 好きなスポーツはなんですか？
1902M5003_054,16, 好きなスポーツはなんですか？
1902F2001_027,7, スポーツをする目的は何ですか？
1902F4001_040,5, スポーツをする目的は何ですか？
1902F4007_020,2, スポーツをする目的は何ですか？
1902F7002_026,5, スポーツをする目的は何ですか？
1902M2001_029,3, スポーツをする目的は何ですか？
1902M7002_046,4, スポーツをする目的は何ですか？
1902F2001_031,11, 2020年には、オリンピックが日本で開催されるようですね。ご存じですか？
1902F4003_023,5, 2020年には、オリンピックが日本で開催されるようですね。ご存じですか？
1902F4005_041,16, 2020年には、オリンピックが日本で開催されるようですね。ご存じですか？
1902F4006_068,8, 2020年には、オリンピックが日本で開催されるようですね。ご存じですか？
1902F4007_025,7, 2020年には、オリンピックが日本で開催されるようですね。ご存じですか？
1902F4009_066,9, 2020年には、オリンピックが日本で開催されるようですね。ご存じですか？
1902F4010_031,9, 2020年には、オリンピックが日本で開催されるようですね。ご存じですか？
1902F6001_032,8, 2020年には、オリンピックが日本で開催されるようですね。ご存じですか？
1902F6002_032,14, 2020年には、オリンピックが日本で開催されるようですね。ご存じですか？
1902F7001_028,9, 2020年には、オリンピックが日本で開催されるようですね。ご存じですか？
1902F7002_032,11, 2020年には、オリンピックが日本で開催されるようですね。ご存じですか？
1902F7003_032,10, 2020年には、オリンピックが日本で開催されるようですね。ご存じですか？
1902M2001_033,7, 2020年には、オリンピックが日本で開催されるようですね。ご存じですか？
1902M4001_026,7, 2020年には、オリンピックが日本で開催されるようですね。ご存じですか？
1902M4002_051,7, 2020年には、オリンピックが日本で開催されるようですね。ご存じですか？
1902M4003_080,3, 2020年には、オリンピックが日本で開催されるようですね。ご存じですか？
1902M5002_031,8, 2020年には、オリンピックが日本で開催されるようですね。ご存じですか？
1902M5003_058,20, 2020年には、オリンピックが日本で開催されるようですね。ご存じですか？
1902M7001_066,6, 2020年には、オリンピックが日本で開催されるようですね。ご存じですか？
1902M7002_053,11, 2020年には、オリンピックが日本で開催されるようですね。ご存じですか？
1902F2001_033,13, オリンピックは今までに見たことはありますか？
1902F4003_027,9, オリンピックは今までに見たことはありますか？
1902F4005_043,18, オリンピックは今までに見たことはありますか？
1902F4006_070,10, オリンピックは今までに見たことはありますか？
1902F4007_029,11, オリンピックは今までに見たことはありますか？
1902F4010_033,11, オリンピックは今までに見たことはありますか？
1902F6001_034,10, オリンピックは今までに見たことはありますか？
1902F7001_030,11, オリンピックは今までに見たことはありますか？
1902F7002_034,13, オリンピックは今までに見たことはありますか？
1902M4001_030,11, オリンピックは今までに見たことはありますか？
1902M4002_053,9, オリンピックは今までに見たことはありますか？
1902M4003_083,5, オリンピックは今までに見たことはありますか？
1902M5002_033,10, オリンピックは今までに見たことはありますか？
1902M5003_060,22, オリンピックは今までに見たことはありますか？
1902M7002_055,13, オリンピックは今までに見たことはありますか？
1902F2001_038,18, 日本で開催されるオリンピックを、見にいく予定はありますか？
1902F4003_025,7, 日本で開催されるオリンピックを、見にいく予定はありますか？
1902F4005_044,19, 日本で開催されるオリンピックを、見にいく予定はありますか？
1902F4006_072,12, 日本で開催されるオリンピックを、見にいく予定はありますか？
1902F4007_027,9, 日本で開催されるオリンピックを、見にいく予定はありますか？
1902F4009_068,11, 日本で開催されるオリンピックを、見にいく予定はありますか？
1902F4010_034,12, 日本で開催されるオリンピックを、見にいく予定はありますか？
1902F7002_038,17, 日本で開催されるオリンピックを、見にいく予定はありますか？
1902M2001_036,10, 日本で開催されるオリンピックを、見にいく予定はありますか？
1902M4001_028,9, 日本で開催されるオリンピックを、見にいく予定はありますか？
1902M4002_054,10, 日本で開催されるオリンピックを、見にいく予定はありますか？
1902M4003_084,6, 日本で開催されるオリンピックを、見にいく予定はありますか？
1902M5002_037,14, 日本で開催されるオリンピックを、見にいく予定はありますか？
1902M5003_063,25, 日本で開催されるオリンピックを、見にいく予定はありますか？
1902M7001_069,9, 日本で開催されるオリンピックを、見にいく予定はありますか？
1902M7002_059,17, 日本で開催されるオリンピックを、見にいく予定はありますか？
1902F2001_040,20, なにかおすすめのスポーツ観戦はありますか？
1902F4010_036,14, なにかおすすめのスポーツ観戦はありますか？
1902F7002_041,20, なにかおすすめのスポーツ観戦はありますか？
1902M4001_022,3, なにかおすすめのスポーツ観戦はありますか？
1902M7002_045,3, なにかおすすめのスポーツ観戦はありますか？
1902F2001_043,23, 家で過ごすとき、ゲームをしたり映画を見たり、本やマンガを読んだり、何をして過ごしますか？
1902F2002_025,3, 家で過ごすとき、ゲームをしたり映画を見たり、本やマンガを読んだり、何をして過ごしますか？
1902F3001_018,2, 家で過ごすとき、ゲームをしたり映画を見たり、本やマンガを読んだり、何をして過ごしますか？
1902F3002_024,2, 家で過ごすとき、ゲームをしたり映画を見たり、本やマンガを読んだり、何をして過ごしますか？
1902F4001_024,2, 家で過ごすとき、ゲームをしたり映画を見たり、本やマンガを読んだり、何をして過ごしますか？
1902F4002_019,2, 家で過ごすとき、ゲームをしたり映画を見たり、本やマンガを読んだり、何をして過ごしますか？
1902F4003_031,13, 家で過ごすとき、ゲームをしたり映画を見たり、本やマンガを読んだり、何をして過ごしますか？
1902F4004_022,2, 家で過ごすとき、ゲームをしたり映画を見たり、本やマンガを読んだり、何をして過ごしますか？
1902F4005_024,2, 家で過ごすとき、ゲームをしたり映画を見たり、本やマンガを読んだり、何をして過ごしますか？
1902F4006_024,2, 家で過ごすとき、ゲームをしたり映画を見たり、本やマンガを読んだり、何をして過ごしますか？
1902F4007_033,15, 家で過ごすとき、ゲームをしたり映画を見たり、本やマンガを読んだり、何をして過ごしますか？
1902F4008_024,2, 家で過ごすとき、ゲームをしたり映画を見たり、本やマンガを読んだり、何をして過ごしますか？
1902F4009_028,6, 家で過ごすとき、ゲームをしたり映画を見たり、本やマンガを読んだり、何をして過ごしますか？
1902F4010_039,17, 家で過ごすとき、ゲームをしたり映画を見たり、本やマンガを読んだり、何をして過ごしますか？
1902F4011_024,2, 家で過ごすとき、ゲームをしたり映画を見たり、本やマンガを読んだり、何をして過ごしますか？
1902F6002_025,7, 家で過ごすとき、ゲームをしたり映画を見たり、本やマンガを読んだり、何をして過ごしますか？
1902M2001_039,13, 家で過ごすとき、ゲームをしたり映画を見たり、本やマンガを読んだり、何をして過ごしますか？
1902M3001_018,2, 家で過ごすとき、ゲームをしたり映画を見たり、本やマンガを読んだり、何をして過ごしますか？
1902M4001_035,15, 家で過ごすとき、ゲームをしたり映画を見たり、本やマンガを読んだり、何をして過ごしますか？
1902M4002_020,2, 家で過ごすとき、ゲームをしたり映画を見たり、本やマンガを読んだり、何をして過ごしますか？
1902M4003_024,2, 家で過ごすとき、ゲームをしたり映画を見たり、本やマンガを読んだり、何をして過ごしますか？
1902M5001_017,2, 家で過ごすとき、ゲームをしたり映画を見たり、本やマンガを読んだり、何をして過ごしますか？
1902M5002_039,16, 家で過ごすとき、ゲームをしたり映画を見たり、本やマンガを読んだり、何をして過ごしますか？
1902M5003_023,2, 家で過ごすとき、ゲームをしたり映画を見たり、本やマンガを読んだり、何をして過ごしますか？
1902M7001_029,2, 家で過ごすとき、ゲームをしたり映画を見たり、本やマンガを読んだり、何をして過ごしますか？
1902M7002_024,2, 家で過ごすとき、ゲームをしたり映画を見たり、本やマンガを読んだり、何をして過ごしますか？
1902F2001_045,1, 最近見た映画はありますか？
1902F4001_026,1, 最近見た映画はありますか？
1902F4004_042,1, 最近見た映画はありますか？
1902F4008_039,1, 最近見た映画はありますか？
1902F6001_069,1, 最近見た映画はありますか？
1902F7001_055,5, 最近見た映画はありますか？
1902M3001_020,1, 最近見た映画はありますか？
1902M4001_036,16, 最近見た映画はありますか？
1902M4002_034,1, 最近見た映画はありますか？
1902M5001_020,1, 最近見た映画はありますか？
1902M5002_041,1, 最近見た映画はありますか？
1902F2001_047,3, 洋画が好きなんですか，おすすめの洋画ってありますか？
1902F4001_027,2, 洋画が好きなんですか，おすすめの洋画ってありますか？
1902F4004_044,3, 洋画が好きなんですか，おすすめの洋画ってありますか？
1902M3001_021,2, 洋画が好きなんですか，おすすめの洋画ってありますか？
1902M5001_021,2, 洋画が好きなんですか，おすすめの洋画ってありますか？
1902F2001_051,8, では，もう一度見たい映画はありますか？
1902F2002_032,7, では，もう一度見たい映画はありますか？
1902M4001_040,20, では，もう一度見たい映画はありますか？
1902M4002_038,5, では，もう一度見たい映画はありますか？
1902F2001_054,11, 「映画館」か「テレビ」かどちらでよく映画をみますか？
1902F4001_030,5, 「映画館」か「テレビ」かどちらでよく映画をみますか？
1902M4002_040,7, 「映画館」か「テレビ」かどちらでよく映画をみますか？
1902M5001_024,6, 「映画館」か「テレビ」かどちらでよく映画をみますか？
1902F2001_058,1, 聞くとしたら、邦楽，洋楽，クラシックなどどんなジャンルを聞きますか？
1902F2002_051,1, 聞くとしたら、邦楽，洋楽，クラシックなどどんなジャンルを聞きますか？
1902F3001_028,2, 聞くとしたら、邦楽，洋楽，クラシックなどどんなジャンルを聞きますか？
1902F3002_037,1, 聞くとしたら、邦楽，洋楽，クラシックなどどんなジャンルを聞きますか？
1902F4002_022,2, 聞くとしたら、邦楽，洋楽，クラシックなどどんなジャンルを聞きますか？
1902F4003_034,2, 聞くとしたら、邦楽，洋楽，クラシックなどどんなジャンルを聞きますか？
1902F4006_044,1, 聞くとしたら、邦楽，洋楽，クラシックなどどんなジャンルを聞きますか？
1902F4007_039,1, 聞くとしたら、邦楽，洋楽，クラシックなどどんなジャンルを聞きますか？
1902F4009_048,1, 聞くとしたら、邦楽，洋楽，クラシックなどどんなジャンルを聞きますか？
1902F4010_051,1, 聞くとしたら、邦楽，洋楽，クラシックなどどんなジャンルを聞きますか？
1902F4011_042,1, 聞くとしたら、邦楽，洋楽，クラシックなどどんなジャンルを聞きますか？
1902F6001_057,1, 聞くとしたら、邦楽，洋楽，クラシックなどどんなジャンルを聞きますか？
1902F6002_038,1, 聞くとしたら、邦楽，洋楽，クラシックなどどんなジャンルを聞きますか？
1902F7001_039,1, 聞くとしたら、邦楽，洋楽，クラシックなどどんなジャンルを聞きますか？
1902F7002_056,1, 聞くとしたら、邦楽，洋楽，クラシックなどどんなジャンルを聞きますか？
1902F7003_054,1, 聞くとしたら、邦楽，洋楽，クラシックなどどんなジャンルを聞きますか？
1902M4003_042,1, 聞くとしたら、邦楽，洋楽，クラシックなどどんなジャンルを聞きますか？
1902M5001_028,2, 聞くとしたら、邦楽，洋楽，クラシックなどどんなジャンルを聞きますか？
1902M5002_056,1, 聞くとしたら、邦楽，洋楽，クラシックなどどんなジャンルを聞きますか？
1902M5003_039,1, 聞くとしたら、邦楽，洋楽，クラシックなどどんなジャンルを聞きますか？
1902M7001_046,8, 聞くとしたら、邦楽，洋楽，クラシックなどどんなジャンルを聞きますか？
1902M7002_034,1, 聞くとしたら、邦楽，洋楽，クラシックなどどんなジャンルを聞きますか？
1902F2001_059,2, 洋楽が好きなんですか。おすすめの歌手やきょくってありますか？
1902F3001_029,3, 洋楽が好きなんですか。おすすめの歌手やきょくってありますか？
1902F6001_058,2, 洋楽が好きなんですか。おすすめの歌手やきょくってありますか？
1902M4003_043,2, 洋楽が好きなんですか。おすすめの歌手やきょくってありますか？
1902M5001_030,4, 洋楽が好きなんですか。おすすめの歌手やきょくってありますか？
1902M5002_057,2, 洋楽が好きなんですか。おすすめの歌手やきょくってありますか？
1902F2001_064,7, カラオケは好きですか？
1902F4006_048,5, カラオケは好きですか？
1902F4007_042,4, カラオケは好きですか？
1902F4009_053,6, カラオケは好きですか？
1902F4010_053,3, カラオケは好きですか？
1902F4011_047,6, カラオケは好きですか？
1902F6001_061,5, カラオケは好きですか？
1902F7001_041,3, カラオケは好きですか？
1902F7003_055,2, カラオケは好きですか？
1902M4003_046,5, カラオケは好きですか？
1902M5002_060,5, カラオケは好きですか？
1902M5003_048,10, カラオケは好きですか？
1902M7002_035,2, カラオケは好きですか？
1902M7002_036,3, カラオケは好きですか？
1902F2001_065,8, カラオケでよくなにをうたうのですか？
1902F4007_043,5, カラオケでよくなにをうたうのですか？
1902F4011_048,7, カラオケでよくなにをうたうのですか？
1902F6001_064,8, カラオケでよくなにをうたうのですか？
1902F7001_042,4, カラオケでよくなにをうたうのですか？
1902F7003_058,5, カラオケでよくなにをうたうのですか？
1902M5002_061,6, カラオケでよくなにをうたうのですか？
1902M5003_049,11, カラオケでよくなにをうたうのですか？
1902M7002_037,4, カラオケでよくなにをうたうのですか？
1902F2001_071,0, さいきんは「エスエヌエス」をして、過ごすひともいると聞きますが、「エスエヌエス」はなにか利用しますか？
1902F2002_068,0, さいきんは「エスエヌエス」をして、過ごすひともいると聞きますが、「エスエヌエス」はなにか利用しますか？
1902F3001_036,0, さいきんは「エスエヌエス」をして、過ごすひともいると聞きますが、「エスエヌエス」はなにか利用しますか？
1902F3002_048,0, さいきんは「エスエヌエス」をして、過ごすひともいると聞きますが、「エスエヌエス」はなにか利用しますか？
1902F4001_044,0, さいきんは「エスエヌエス」をして、過ごすひともいると聞きますが、「エスエヌエス」はなにか利用しますか？
1902F4002_042,0, さいきんは「エスエヌエス」をして、過ごすひともいると聞きますが、「エスエヌエス」はなにか利用しますか？
1902F4003_039,0, さいきんは「エスエヌエス」をして、過ごすひともいると聞きますが、「エスエヌエス」はなにか利用しますか？
1902F4004_048,0, さいきんは「エスエヌエス」をして、過ごすひともいると聞きますが、「エスエヌエス」はなにか利用しますか？
1902F4005_053,0, さいきんは「エスエヌエス」をして、過ごすひともいると聞きますが、「エスエヌエス」はなにか利用しますか？
1902F4006_075,0, さいきんは「エスエヌエス」をして、過ごすひともいると聞きますが、「エスエヌエス」はなにか利用しますか？
1902F4008_044,0, さいきんは「エスエヌエス」をして、過ごすひともいると聞きますが、「エスエヌエス」はなにか利用しますか？
1902F4009_073,0, さいきんは「エスエヌエス」をして、過ごすひともいると聞きますが、「エスエヌエス」はなにか利用しますか？
1902F4010_059,0, さいきんは「エスエヌエス」をして、過ごすひともいると聞きますが、「エスエヌエス」はなにか利用しますか？
1902F4011_056,0, さいきんは「エスエヌエス」をして、過ごすひともいると聞きますが、「エスエヌエス」はなにか利用しますか？
1902F6001_071,0, さいきんは「エスエヌエス」をして、過ごすひともいると聞きますが、「エスエヌエス」はなにか利用しますか？
1902F7001_066,0, さいきんは「エスエヌエス」をして、過ごすひともいると聞きますが、「エスエヌエス」はなにか利用しますか？
1902F7002_080,0, さいきんは「エスエヌエス」をして、過ごすひともいると聞きますが、「エスエヌエス」はなにか利用しますか？
1902M2001_051,0, さいきんは「エスエヌエス」をして、過ごすひともいると聞きますが、「エスエヌエス」はなにか利用しますか？
1902M3001_053,0, さいきんは「エスエヌエス」をして、過ごすひともいると聞きますが、「エスエヌエス」はなにか利用しますか？
1902M4002_059,0, さいきんは「エスエヌエス」をして、過ごすひともいると聞きますが、「エスエヌエス」はなにか利用しますか？
1902M4003_053,0, さいきんは「エスエヌエス」をして、過ごすひともいると聞きますが、「エスエヌエス」はなにか利用しますか？
1902M5001_033,0, さいきんは「エスエヌエス」をして、過ごすひともいると聞きますが、「エスエヌエス」はなにか利用しますか？
1902M5002_069,0, さいきんは「エスエヌエス」をして、過ごすひともいると聞きますが、「エスエヌエス」はなにか利用しますか？
1902M5003_067,0, さいきんは「エスエヌエス」をして、過ごすひともいると聞きますが、「エスエヌエス」はなにか利用しますか？
1902M7001_038,0, さいきんは「エスエヌエス」をして、過ごすひともいると聞きますが、「エスエヌエス」はなにか利用しますか？
1902F2001_076,5, 「エスエヌエス」を利用していてハプニングにあったことはありますか？
1902F2002_073,5, 「エスエヌエス」を利用していてハプニングにあったことはありますか？
1902F3001_041,5, 「エスエヌエス」を利用していてハプニングにあったことはありますか？
1902F3001_042,6, 「エスエヌエス」を利用していてハプニングにあったことはありますか？
1902F4002_047,5, 「エスエヌエス」を利用していてハプニングにあったことはありますか？
1902F4003_042,3, 「エスエヌエス」を利用していてハプニングにあったことはありますか？
1902F4004_052,4, 「エスエヌエス」を利用していてハプニングにあったことはありますか？
1902F4005_057,4, 「エスエヌエス」を利用していてハプニングにあったことはありますか？
1902F4005_058,5, 「エスエヌエス」を利用していてハプニングにあったことはありますか？
1902F4006_081,6, 「エスエヌエス」を利用していてハプニングにあったことはありますか？
1902F4008_048,4, 「エスエヌエス」を利用していてハプニングにあったことはありますか？
1902M2001_056,5, 「エスエヌエス」を利用していてハプニングにあったことはありますか？
1902M4002_064,5, 「エスエヌエス」を利用していてハプニングにあったことはありますか？
1902M5002_075,6, 「エスエヌエス」を利用していてハプニングにあったことはありますか？
1902M5002_076,7, 「エスエヌエス」を利用していてハプニングにあったことはありますか？
1902F2001_078,7, これは「おすすめ」というものはありますか？
1902F3001_043,7, これは「おすすめ」というものはありますか？
1902M3001_058,5, これは「おすすめ」というものはありますか？
1902F2001_079,8, おすすめの便利なきのうとかはありますか？
1902F2002_071,3, おすすめの便利なきのうとかはありますか？
1902F3001_039,3, おすすめの便利なきのうとかはありますか？
1902F4002_045,3, おすすめの便利なきのうとかはありますか？
1902F4004_050,2, おすすめの便利なきのうとかはありますか？
1902F4005_056,3, おすすめの便利なきのうとかはありますか？
1902F4006_079,4, おすすめの便利なきのうとかはありますか？
1902F4008_047,3, おすすめの便利なきのうとかはありますか？
1902F4009_076,3, おすすめの便利なきのうとかはありますか？
1902F4010_062,3, おすすめの便利なきのうとかはありますか？
1902F4011_060,4, おすすめの便利なきのうとかはありますか？
1902M4002_062,3, おすすめの便利なきのうとかはありますか？
1902M5002_072,3, おすすめの便利なきのうとかはありますか？
1902F2001_081,10, ショッピングで「アマゾン」などはよく利用しますか？
1902F2002_075,7, ショッピングで「アマゾン」などはよく利用しますか？
1902F3001_044,8, ショッピングで「アマゾン」などはよく利用しますか？
1902F3002_050,2, ショッピングで「アマゾン」などはよく利用しますか？
1902F4001_046,2, ショッピングで「アマゾン」などはよく利用しますか？
1902F4002_050,8, ショッピングで「アマゾン」などはよく利用しますか？
1902F4003_044,5, ショッピングで「アマゾン」などはよく利用しますか？
1902F4004_056,8, ショッピングで「アマゾン」などはよく利用しますか？
1902F4005_060,7, ショッピングで「アマゾン」などはよく利用しますか？
1902F4006_084,9, ショッピングで「アマゾン」などはよく利用しますか？
1902F4008_050,6, ショッピングで「アマゾン」などはよく利用しますか？
1902F4010_066,7, ショッピングで「アマゾン」などはよく利用しますか？
1902F4011_062,6, ショッピングで「アマゾン」などはよく利用しますか？
1902F7001_068,2, ショッピングで「アマゾン」などはよく利用しますか？
1902M2001_058,7, ショッピングで「アマゾン」などはよく利用しますか？
1902M3001_060,7, ショッピングで「アマゾン」などはよく利用しますか？
1902M4003_055,2, ショッピングで「アマゾン」などはよく利用しますか？
1902M5001_036,3, ショッピングで「アマゾン」などはよく利用しますか？
1902M5002_077,8, ショッピングで「アマゾン」などはよく利用しますか？
1902M5003_069,2, ショッピングで「アマゾン」などはよく利用しますか？
1902M7001_039,1, ショッピングで「アマゾン」などはよく利用しますか？
1902F2001_084,1, 学生時代、一番楽しかった学年はありますか？
1902F3001_050,2, 学生時代、一番楽しかった学年はありますか？
1902F3002_071,1, 学生時代、一番楽しかった学年はありますか？
1902F4001_053,1, 学生時代、一番楽しかった学年はありますか？
1902F4003_051,1, 学生時代、一番楽しかった学年はありますか？
1902F4010_086,1, 学生時代、一番楽しかった学年はありますか？
1902M3001_066,1, 学生時代、一番楽しかった学年はありますか？
1902M4001_051,7, 学生時代、一番楽しかった学年はありますか？
1902M4002_071,2, 学生時代、一番楽しかった学年はありますか？
1902F2001_087,4, ほかにエピソードはありますか？
1902F3002_077,7, ほかにエピソードはありますか？
1902F4003_056,6, ほかにエピソードはありますか？
1902F4005_084,5, ほかにエピソードはありますか？
1902F4008_071,5, ほかにエピソードはありますか？
1902F4009_093,2, ほかにエピソードはありますか？
1902F6002_068,4, ほかにエピソードはありますか？
1902F2001_089,6, 運動会や、学芸会などのイベントで面白かった体験はありますか？
1902F3001_053,5, 運動会や、学芸会などのイベントで面白かった体験はありますか？
1902F3002_075,5, 運動会や、学芸会などのイベントで面白かった体験はありますか？
1902F4003_053,3, 運動会や、学芸会などのイベントで面白かった体験はありますか？
1902F4005_082,3, 運動会や、学芸会などのイベントで面白かった体験はありますか？
1902F6002_065,1, 運動会や、学芸会などのイベントで面白かった体験はありますか？
1902M5001_045,5, 運動会や、学芸会などのイベントで面白かった体験はありますか？
1902F2001_091,8, ほかにたいへんだったことはありますか？
1902F4009_098,7, ほかにたいへんだったことはありますか？
1902F6002_074,10, ほかにたいへんだったことはありますか？
1902F2001_095,1, さいきん旅行には行きましたか？
1902F2002_082,1, さいきん旅行には行きましたか？
1902F3002_057,1, さいきん旅行には行きましたか？
1902F4001_060,1, さいきん旅行には行きましたか？
1902F4004_062,1, さいきん旅行には行きましたか？
1902F4005_065,1, さいきん旅行には行きましたか？
1902F4006_089,1, さいきん旅行には行きましたか？
1902F4007_048,1, さいきん旅行には行きましたか？
1902F4008_055,1, さいきん旅行には行きましたか？
1902F4009_080,1, さいきん旅行には行きましたか？
1902F4010_072,1, さいきん旅行には行きましたか？
1902F4011_068,1, さいきん旅行には行きましたか？
1902F6002_052,1, さいきん旅行には行きましたか？
1902F7001_058,1, さいきん旅行には行きましたか？
1902F7002_070,1, さいきん旅行には行きましたか？
1902F7003_045,1, さいきん旅行には行きましたか？
1902M2001_063,1, さいきん旅行には行きましたか？
1902M4001_055,1, さいきん旅行には行きましたか？
1902M4002_079,1, さいきん旅行には行きましたか？
1902M5001_050,3, さいきん旅行には行きましたか？
1902M5002_084,1, さいきん旅行には行きましたか？
1902M7001_074,1, さいきん旅行には行きましたか？
1902M7002_065,1, さいきん旅行には行きましたか？
1902F2001_096,2, 旅行はどこに行ったことがありますか？
1902F2002_083,2, 旅行はどこに行ったことがありますか？
1902F3002_058,2, 旅行はどこに行ったことがありますか？
1902F4002_057,2, 旅行はどこに行ったことがありますか？
1902F6001_046,1, 旅行はどこに行ったことがありますか？
1902F6002_053,2, 旅行はどこに行ったことがありますか？
1902M4001_056,2, 旅行はどこに行ったことがありますか？
1902M4002_080,2, 旅行はどこに行ったことがありますか？
1902M4003_064,2, 旅行はどこに行ったことがありますか？
1902M7002_066,2, 旅行はどこに行ったことがありますか？
1902F2001_098,4, 今までいった「旅行」で特におすすめの場所はありますか？
1902F2002_085,4, 今までいった「旅行」で特におすすめの場所はありますか？
1902F3002_060,4, 今までいった「旅行」で特におすすめの場所はありますか？
1902F4001_064,5, 今までいった「旅行」で特におすすめの場所はありますか？
1902F4002_058,3, 今までいった「旅行」で特におすすめの場所はありますか？
1902F4005_066,2, 今までいった「旅行」で特におすすめの場所はありますか？
1902F4007_053,6, 今までいった「旅行」で特におすすめの場所はありますか？
1902F4008_058,4, 今までいった「旅行」で特におすすめの場所はありますか？
1902F4009_081,2, 今までいった「旅行」で特におすすめの場所はありますか？
1902F4010_073,2, 今までいった「旅行」で特におすすめの場所はありますか？
1902F4011_069,2, 今までいった「旅行」で特におすすめの場所はありますか？
1902F6001_047,2, 今までいった「旅行」で特におすすめの場所はありますか？
1902F6002_055,4, 今までいった「旅行」で特におすすめの場所はありますか？
1902F7001_059,2, 今までいった「旅行」で特におすすめの場所はありますか？
1902F7003_049,5, 今までいった「旅行」で特におすすめの場所はありますか？
1902M2001_064,2, 今までいった「旅行」で特におすすめの場所はありますか？
1902M4001_057,3, 今までいった「旅行」で特におすすめの場所はありますか？
1902M4003_065,3, 今までいった「旅行」で特におすすめの場所はありますか？
1902M5001_051,4, 今までいった「旅行」で特におすすめの場所はありますか？
1902M5002_085,2, 今までいった「旅行」で特におすすめの場所はありますか？
1902M5003_076,2, 今までいった「旅行」で特におすすめの場所はありますか？
1902M7001_075,2, 今までいった「旅行」で特におすすめの場所はありますか？
1902M7002_068,4, 今までいった「旅行」で特におすすめの場所はありますか？
1902F2001_102,8, 数年前からスペインの「バルセロナ」は人気の観光スポットですが、ご存知ですか？
1902F4001_062,3, 数年前からスペインの「バルセロナ」は人気の観光スポットですが、ご存知ですか？
1902M2001_068,6, 数年前からスペインの「バルセロナ」は人気の観光スポットですが、ご存知ですか？
1902M5001_048,1, 数年前からスペインの「バルセロナ」は人気の観光スポットですが、ご存知ですか？
1902F2001_104,10, 旅行に行くときはなにか目的はありますか？
1902F3002_065,9, 旅行に行くときはなにか目的はありますか？
1902F4003_068,3, 旅行に行くときはなにか目的はありますか？
1902F4004_071,10, 旅行に行くときはなにか目的はありますか？
1902F4005_074,10, 旅行に行くときはなにか目的はありますか？
1902F4006_090,2, 旅行に行くときはなにか目的はありますか？
1902F4007_057,10, 旅行に行くときはなにか目的はありますか？
1902F4010_082,11, 旅行に行くときはなにか目的はありますか？
1902M4003_074,12, 旅行に行くときはなにか目的はありますか？
1902M5003_081,7, 旅行に行くときはなにか目的はありますか？
1902M7001_077,4, 旅行に行くときはなにか目的はありますか？
1902F2002_014,7, からい食べものとはどんな食べものが好きですか？
1902F4001_011,2, からい食べものとはどんな食べものが好きですか？
1902F4003_010,2, からい食べものとはどんな食べものが好きですか？
1902F4006_011,2, からい食べものとはどんな食べものが好きですか？
1902F4008_016,7, からい食べものとはどんな食べものが好きですか？
1902F6001_017,8, からい食べものとはどんな食べものが好きですか？
1902F6002_009,2, からい食べものとはどんな食べものが好きですか？
1902F7001_016,8, からい食べものとはどんな食べものが好きですか？
1902M2001_015,7, からい食べものとはどんな食べものが好きですか？
1902M4002_011,2, からい食べものとはどんな食べものが好きですか？
1902M4003_016,8, からい食べものとはどんな食べものが好きですか？
1902M5002_010,2, からい食べものとはどんな食べものが好きですか？
1902M5003_009,2, からい食べものとはどんな食べものが好きですか？
1902M7001_017,8, からい食べものとはどんな食べものが好きですか？
1902M7002_014,7, からい食べものとはどんな食べものが好きですか？
1902F2002_017,10, お友達とランチに行ったりしますか？
1902F3002_015,8, お友達とランチに行ったりしますか？
1902F6002_014,7, お友達とランチに行ったりしますか？
1902F7002_017,10, お友達とランチに行ったりしますか？
1902F7003_016,8, お友達とランチに行ったりしますか？
1902M5002_016,8, お友達とランチに行ったりしますか？
1902M5003_015,8, お友達とランチに行ったりしますか？
1902M7001_022,13, お友達とランチに行ったりしますか？
1902M7002_019,12, お友達とランチに行ったりしますか？
1902F2002_018,11, どんなところに行きますか？和食ですか洋食ですか？
1902F3002_018,11, どんなところに行きますか？和食ですか洋食ですか？
1902F7002_019,12, どんなところに行きますか？和食ですか洋食ですか？
1902F7003_017,9, どんなところに行きますか？和食ですか洋食ですか？
1902M5002_017,9, どんなところに行きますか？和食ですか洋食ですか？
1902M5003_017,10, どんなところに行きますか？和食ですか洋食ですか？
1902M7001_023,14, どんなところに行きますか？和食ですか洋食ですか？
1902F2002_027,1, 最近映画は見ましたか？
1902F3002_044,1, 最近映画は見ましたか？
1902F2002_036,1, 見たことのあるものの中で一番好きなものはなんですか？
1902F4006_027,2, 見たことのあるものの中で一番好きなものはなんですか？
1902F2002_038,4, どういったところが好きなんですか？
1902F4006_030,6, どういったところが好きなんですか？
1902M4003_029,5, どういったところが好きなんですか？
1902F2002_043,1, 最近本は読みましたか？
1902F4004_026,2, 最近本は読みましたか？
1902F4010_041,1, 最近本は読みましたか？
1902M2001_047,8, 最近本は読みましたか？
1902M3001_043,1, 最近本は読みましたか？
1902M7001_032,2, 最近本は読みましたか？
1902F2002_044,2, 本はよく読む方ですか？
1902F4004_025,1, 本はよく読む方ですか？
1902F4008_034,1, 本はよく読む方ですか？
1902F7003_040,1, 本はよく読む方ですか？
1902M3001_044,2, 本はよく読む方ですか？
1902M5002_050,1, 本はよく読む方ですか？
1902M7001_031,1, 本はよく読む方ですか？
1902F2002_045,3, あまり読まないんですね。では今までに読んだ中で一番好きな本はありますか？
1902M2001_048,9, あまり読まないんですね。では今までに読んだ中で一番好きな本はありますか？
1902F2002_052,2, 邦楽が好きなんですか。おすすめの歌手やきょくってありますか？
1902F4006_045,2, 邦楽が好きなんですか。おすすめの歌手やきょくってありますか？
1902F4007_040,2, 邦楽が好きなんですか。おすすめの歌手やきょくってありますか？
1902F4009_049,2, 邦楽が好きなんですか。おすすめの歌手やきょくってありますか？
1902F4010_052,2, 邦楽が好きなんですか。おすすめの歌手やきょくってありますか？
1902F4011_043,2, 邦楽が好きなんですか。おすすめの歌手やきょくってありますか？
1902F7001_040,2, 邦楽が好きなんですか。おすすめの歌手やきょくってありますか？
1902M5003_040,2, 邦楽が好きなんですか。おすすめの歌手やきょくってありますか？
1902F2002_055,5, おすすめの曲はありますか？
1902F3002_040,4, おすすめの曲はありますか？
1902F4002_023,3, おすすめの曲はありますか？
1902F4003_037,5, おすすめの曲はありますか？
1902F4009_051,4, おすすめの曲はありますか？
1902F6001_063,7, おすすめの曲はありますか？
1902F7001_043,5, おすすめの曲はありますか？
1902F2002_056,6, カラオケで歌ったりするのですか？
1902F4006_049,6, カラオケで歌ったりするのですか？
1902F6001_062,6, カラオケで歌ったりするのですか？
1902F2002_058,8, カラオケに行くときはお友達と行きますか？
1902F7003_056,3, カラオケに行くときはお友達と行きますか？
1902M5002_062,7, カラオケに行くときはお友達と行きますか？
1902M7002_040,7, カラオケに行くときはお友達と行きますか？
1902F2002_062,12, コンサートとかには行きますか？
1902F6002_046,9, コンサートとかには行きますか？
1902F7002_061,6, コンサートとかには行きますか？
1902F7002_062,7, コンサートとかには行きますか？
1902M4003_050,8, コンサートとかには行きますか？
1902M5002_064,9, コンサートとかには行きますか？
1902F2002_076,8, 使い心地はどうですか？
1902F3001_045,9, 使い心地はどうですか？
1902F4001_047,3, 使い心地はどうですか？
1902F4002_051,9, 使い心地はどうですか？
1902F4003_045,6, 使い心地はどうですか？
1902M3001_061,8, 使い心地はどうですか？
1902M4003_056,3, 使い心地はどうですか？
1902M5001_037,4, 使い心地はどうですか？
1902M5002_080,11, 使い心地はどうですか？
1902M5003_072,5, 使い心地はどうですか？
1902F2002_091,10, ほかには何か面白いことはありましたか？
1902F3002_064,8, ほかには何か面白いことはありましたか？
1902F4004_065,4, ほかには何か面白いことはありましたか？
1902F4004_068,7, ほかには何か面白いことはありましたか？
1902F4005_069,5, ほかには何か面白いことはありましたか？
1902F4006_096,8, ほかには何か面白いことはありましたか？
1902F4007_055,8, ほかには何か面白いことはありましたか？
1902F4009_086,7, ほかには何か面白いことはありましたか？
1902F4010_078,7, ほかには何か面白いことはありましたか？
1902F6001_054,9, ほかには何か面白いことはありましたか？
1902F6002_057,6, ほかには何か面白いことはありましたか？
1902F7002_076,7, ほかには何か面白いことはありましたか？
1902M4001_066,12, ほかには何か面白いことはありましたか？
1902M4003_068,6, ほかには何か面白いことはありましたか？
1902M7001_083,10, ほかには何か面白いことはありましたか？
1902M7002_074,10, ほかには何か面白いことはありましたか？
1902F2002_097,3, 人工知能を搭載した、ルンバのような家電を使ったことはありますか？
1902F3002_027,5, 人工知能を搭載した、ルンバのような家電を使ったことはありますか？
1902F4006_111,3, 人工知能を搭載した、ルンバのような家電を使ったことはありますか？
1902F4007_036,18, 人工知能を搭載した、ルンバのような家電を使ったことはありますか？
1902F4008_080,3, 人工知能を搭載した、ルンバのような家電を使ったことはありますか？
1902F4009_104,3, 人工知能を搭載した、ルンバのような家電を使ったことはありますか？
1902F4011_039,14, 人工知能を搭載した、ルンバのような家電を使ったことはありますか？
1902F6001_084,4, 人工知能を搭載した、ルンバのような家電を使ったことはありますか？
1902F6002_022,4, 人工知能を搭載した、ルンバのような家電を使ったことはありますか？
1902F7001_069,3, 人工知能を搭載した、ルンバのような家電を使ったことはありますか？
1902F2002_098,4, 人工知能を搭載した、アイボのようなロボットに興味はありますか？
1902M7002_080,3, 人工知能を搭載した、アイボのようなロボットに興味はありますか？
1902F3001_020,1, ゲームはよくする方なんですか？
1902F4002_031,1, ゲームはよくする方なんですか？
1902F4009_029,7, ゲームはよくする方なんですか？
1902M3001_031,1, ゲームはよくする方なんですか？
1902M4002_022,1, ゲームはよくする方なんですか？
1902F3001_021,2, では、やったことのあるゲームの中で、もう一度やりたいものはありますか？
1902F4009_032,10, では、やったことのあるゲームの中で、もう一度やりたいものはありますか？
1902M3001_035,5, では、やったことのあるゲームの中で、もう一度やりたいものはありますか？
1902F3001_023,4, 代表的なものにスプラトゥーンやカービィ、マリオのゲームなどありますが、遊んだことはありますか？
1902F4005_032,7, 代表的なものにスプラトゥーンやカービィ、マリオのゲームなどありますが、遊んだことはありますか？
1902F4009_036,14, 代表的なものにスプラトゥーンやカービィ、マリオのゲームなどありますが、遊んだことはありますか？
1902M3001_040,10, 代表的なものにスプラトゥーンやカービィ、マリオのゲームなどありますが、遊んだことはありますか？
1902M4002_030,9, 代表的なものにスプラトゥーンやカービィ、マリオのゲームなどありますが、遊んだことはありますか？
1902M4003_039,5, 代表的なものにスプラトゥーンやカービィ、マリオのゲームなどありますが、遊んだことはありますか？
1902F3001_027,1, 最近音楽は聞きましたか？
1902F4002_021,1, 最近音楽は聞きましたか？
1902F4003_033,1, 最近音楽は聞きましたか？
1902M5001_027,1, 最近音楽は聞きましたか？
1902M7001_044,6, 最近音楽は聞きましたか？
1902M7001_045,7, 最近音楽は聞きましたか？
1902F3001_055,7, 最近、学校にはいきましたか？
1902F4003_059,9, 最近、学校にはいきましたか？
1902M5001_042,2, 最近、学校にはいきましたか？
1902F3001_056,8, 最近、お子さんの学校のピーティーエーはたいへんと聞きますが、参加されたことはありますか？
1902F4003_060,10, 最近、お子さんの学校のピーティーエーはたいへんと聞きますが、参加されたことはありますか？
1902F4007_060,1, 最近、お子さんの学校のピーティーエーはたいへんと聞きますが、参加されたことはありますか？
1902F4009_095,4, 最近、お子さんの学校のピーティーエーはたいへんと聞きますが、参加されたことはありますか？
1902F6002_071,7, 最近、お子さんの学校のピーティーエーはたいへんと聞きますが、参加されたことはありますか？
1902M5001_043,3, 最近、お子さんの学校のピーティーエーはたいへんと聞きますが、参加されたことはありますか？
1902F3002_025,3, 家事はひとりでぜんぶしますか？家族は協力してくれたりしますか？
1902F4007_034,16, 家事はひとりでぜんぶしますか？家族は協力してくれたりしますか？
1902F4011_036,11, 家事はひとりでぜんぶしますか？家族は協力してくれたりしますか？
1902F6002_020,2, 家事はひとりでぜんぶしますか？家族は協力してくれたりしますか？
1902F3002_028,6, グーグルホームのようなスピーカーを使って、家事を効率化させたいとは思いますか？
1902F4006_112,4, グーグルホームのようなスピーカーを使って、家事を効率化させたいとは思いますか？
1902F4008_081,4, グーグルホームのようなスピーカーを使って、家事を効率化させたいとは思いますか？
1902F4009_105,4, グーグルホームのようなスピーカーを使って、家事を効率化させたいとは思いますか？
1902F6002_023,5, グーグルホームのようなスピーカーを使って、家事を効率化させたいとは思いますか？
1902F7001_071,5, グーグルホームのようなスピーカーを使って、家事を効率化させたいとは思いますか？
1902M7002_082,5, グーグルホームのようなスピーカーを使って、家事を効率化させたいとは思いますか？
1902F3002_032,1, さいきんドラマは見ましたか？
1902F4002_037,1, さいきんドラマは見ましたか？
1902F4004_033,1, さいきんドラマは見ましたか？
1902F4006_035,1, さいきんドラマは見ましたか？
1902F4008_025,3, さいきんドラマは見ましたか？
1902F4009_040,1, さいきんドラマは見ましたか？
1902F4011_026,1, さいきんドラマは見ましたか？
1902F6001_040,1, さいきんドラマは見ましたか？
1902F7001_051,1, さいきんドラマは見ましたか？
1902F7001_052,2, さいきんドラマは見ましたか？
1902F7002_048,1, さいきんドラマは見ましたか？
1902F7003_038,1, さいきんドラマは見ましたか？
1902M7002_026,1, さいきんドラマは見ましたか？
1902F4001_014,5, 私の知りあいの人はおつまみが好きで、さきいかにマヨネーズと七味をつけて食べるのが好きだそうです。おつまみは食べますか？
1902F4003_013,5, 私の知りあいの人はおつまみが好きで、さきいかにマヨネーズと七味をつけて食べるのが好きだそうです。おつまみは食べますか？
1902F4006_017,8, 私の知りあいの人はおつまみが好きで、さきいかにマヨネーズと七味をつけて食べるのが好きだそうです。おつまみは食べますか？
1902F4008_019,10, 私の知りあいの人はおつまみが好きで、さきいかにマヨネーズと七味をつけて食べるのが好きだそうです。おつまみは食べますか？
1902F6001_021,12, 私の知りあいの人はおつまみが好きで、さきいかにマヨネーズと七味をつけて食べるのが好きだそうです。おつまみは食べますか？
1902F7001_017,9, 私の知りあいの人はおつまみが好きで、さきいかにマヨネーズと七味をつけて食べるのが好きだそうです。おつまみは食べますか？
1902M2001_020,12, 私の知りあいの人はおつまみが好きで、さきいかにマヨネーズと七味をつけて食べるのが好きだそうです。おつまみは食べますか？
1902M4002_013,4, 私の知りあいの人はおつまみが好きで、さきいかにマヨネーズと七味をつけて食べるのが好きだそうです。おつまみは食べますか？
1902M5002_014,6, 私の知りあいの人はおつまみが好きで、さきいかにマヨネーズと七味をつけて食べるのが好きだそうです。おつまみは食べますか？
1902M7001_020,11, 私の知りあいの人はおつまみが好きで、さきいかにマヨネーズと七味をつけて食べるのが好きだそうです。おつまみは食べますか？
1902F4001_039,4, 健康のため、とか、リフレッシュするため、とかですか？
1902F4003_022,4, 健康のため、とか、リフレッシュするため、とかですか？
1902F4005_036,11, 健康のため、とか、リフレッシュするため、とかですか？
1902F4006_063,3, 健康のため、とか、リフレッシュするため、とかですか？
1902F4009_060,3, 健康のため、とか、リフレッシュするため、とかですか？
1902F4010_026,4, 健康のため、とか、リフレッシュするため、とかですか？
1902F6001_028,4, 健康のため、とか、リフレッシュするため、とかですか？
1902F6002_027,9, 健康のため、とか、リフレッシュするため、とかですか？
1902F7001_026,7, 健康のため、とか、リフレッシュするため、とかですか？
1902F7002_025,4, 健康のため、とか、リフレッシュするため、とかですか？
1902F7003_026,4, 健康のため、とか、リフレッシュするため、とかですか？
1902M4002_047,3, 健康のため、とか、リフレッシュするため、とかですか？
1902M5002_027,4, 健康のため、とか、リフレッシュするため、とかですか？
1902M5003_056,18, 健康のため、とか、リフレッシュするため、とかですか？
1902M7001_062,2, 健康のため、とか、リフレッシュするため、とかですか？
1902M7002_047,5, 健康のため、とか、リフレッシュするため、とかですか？
1902F4001_061,2, 旅行にはよく行かれますか？
1902F4002_056,1, 旅行にはよく行かれますか？
1902F4003_066,1, 旅行にはよく行かれますか？
1902M5003_075,1, 旅行にはよく行かれますか？
1902F4002_032,2, 最近ハマっているゲームはありますか？
1902F4005_026,1, 最近ハマっているゲームはありますか？
1902M3001_032,2, 最近ハマっているゲームはありますか？
1902M4002_023,2, 最近ハマっているゲームはありますか？
1902M4003_035,2, 最近ハマっているゲームはありますか？
1902F4002_038,2, ドラマはよく見る方ですか？
1902F4004_034,2, ドラマはよく見る方ですか？
1902F4006_036,2, ドラマはよく見る方ですか？
1902F4009_041,2, ドラマはよく見る方ですか？
1902M5003_024,3, ドラマはよく見る方ですか？
1902F4002_063,8, 「温泉」などリフレッシュするためにいきますか？
1902F4003_070,5, 「温泉」などリフレッシュするためにいきますか？
1902F4006_091,3, 「温泉」などリフレッシュするためにいきますか？
1902F4008_057,3, 「温泉」などリフレッシュするためにいきますか？
1902F4010_081,10, 「温泉」などリフレッシュするためにいきますか？
1902F4011_070,3, 「温泉」などリフレッシュするためにいきますか？
1902F6001_048,3, 「温泉」などリフレッシュするためにいきますか？
1902F6002_061,10, 「温泉」などリフレッシュするためにいきますか？
1902F7001_063,6, 「温泉」などリフレッシュするためにいきますか？
1902F7001_064,7, 「温泉」などリフレッシュするためにいきますか？
1902F7003_046,2, 「温泉」などリフレッシュするためにいきますか？
1902M4003_072,10, 「温泉」などリフレッシュするためにいきますか？
1902M5002_091,8, 「温泉」などリフレッシュするためにいきますか？
1902M7001_076,3, 「温泉」などリフレッシュするためにいきますか？
1902M7002_067,3, 「温泉」などリフレッシュするためにいきますか？
1902F4004_043,2, おすすめの映画ってありますか？
1902M4002_035,2, おすすめの映画ってありますか？
1902M5002_043,3, おすすめの映画ってありますか？
1902F4005_027,2, いつもはどんなジャンルのゲームをするんですか？
1902F4009_031,9, いつもはどんなジャンルのゲームをするんですか？
1902M3001_033,3, いつもはどんなジャンルのゲームをするんですか？
1902M4002_026,5, いつもはどんなジャンルのゲームをするんですか？
1902F4005_038,13, 見るのが好きなんですね．最近はどこで見たんですか？
1902F4005_046,21, お子さんとはよく公園で遊びますか？
1902F4009_024,2, お子さんとはよく公園で遊びますか？
1902F4005_080,1, 学生時代、たいへんだった体験はありますか？
1902F4006_100,1, 学生時代、たいへんだった体験はありますか？
1902F4010_089,4, 学生時代、たいへんだった体験はありますか？
1902F6001_074,1, 学生時代、たいへんだった体験はありますか？
1902M4001_046,2, 学生時代、たいへんだった体験はありますか？
1902F4006_026,1, おすすめのアニメってありますか？
1902F4006_032,8, おすすめの漫画ってありますか？
1902M4003_026,1, おすすめの漫画ってありますか？
1902F4006_102,3, ほかには、ありますか？
1902M4001_050,6, ほかには、ありますか？
1902F4008_041,3, 邦画が好きなんですか，おすすめの邦画ってありますか？
1902M4001_037,17, 邦画が好きなんですか，おすすめの邦画ってありますか？
1902M5003_032,2, 邦画が好きなんですか，おすすめの邦画ってありますか？
1902F4009_026,4, 何をして遊ぶことが多いですか？
1902F4009_030,8, 携帯ゲームかテレビゲームならどちらをしますか？
1902M4003_034,1, 携帯ゲームかテレビゲームならどちらをしますか？
1902F4010_042,2, よく読むんですか。いいですね。おすすめの作者や本はありますか？
1902F7003_041,2, よく読むんですか。いいですね。おすすめの作者や本はありますか？
1902M5002_051,2, よく読むんですか。いいですね。おすすめの作者や本はありますか？
1902F4010_046,6, 一番好きなシーンなどはありますか？
1902F4011_031,6, 健康番組、とかトーク番組とか見られますか？
1902F7002_052,5, 健康番組、とかトーク番組とか見られますか？
1902M7002_027,2, 健康番組、とかトーク番組とか見られますか？
1902M7002_028,3, 健康番組、とかトーク番組とか見られますか？
1902F4011_049,8, おすすめの歌手やきょくってありますか？
1902M4003_049,7, おすすめの歌手やきょくってありますか？
1902M5003_050,12, おすすめの歌手やきょくってありますか？
1902F6001_027,3, どんなスポーツをされましたか？
1902F6001_041,2, あまり見ないんですね。では、今までに見た中で一番好きなドラマはありますか？
1902F7001_053,3, あまり見ないんですね。では、今までに見た中で一番好きなドラマはありますか？
1902F6002_034,16, 競技はなにをご覧になりますか？
1902F7002_036,15, 競技はなにをご覧になりますか？
1902F7003_034,12, 競技はなにをご覧になりますか？
1902M4003_087,9, 競技はなにをご覧になりますか？
1902M5002_034,11, 競技はなにをご覧になりますか？
1902M5003_061,23, 競技はなにをご覧になりますか？
1902M7002_057,15, 競技はなにをご覧になりますか？
1902F6002_035,17, そうですか。テレビでの観戦はなされるんですか？
1902M4003_086,8, そうですか。テレビでの観戦はなされるんですか？
1902M5003_064,26, そうですか。テレビでの観戦はなされるんですか？
1902M7002_056,14, そうですか。テレビでの観戦はなされるんですか？
1902F6002_039,2, クラシックが好きなんですか。おすすめの作曲者やきょくってありますか？
1902M7001_047,9, クラシックが好きなんですか。おすすめの作曲者やきょくってありますか？
1902M2001_041,1, 最近アニメや漫画をよく見ますか？
1902M3001_025,7, では，最近どんな映画を見られたんですか？
1902M5002_046,6, では，最近どんな映画を見られたんですか？
1902M5003_035,6, では，最近どんな映画を見られたんですか？
1902M4002_025,4, 好きなゲームやおすすめのゲームってありますか？
1902M5002_026,3, スポーツはよくするんですか？
1902M5003_025,4, では，おすすめのドラマは何ですか？よろしければ教えてください。
